{
	"music.overworld.deep_dark": {
		"replace": true,
		"sounds": [
		  {
		  	"name": "ride",
		  	"stream": true
		  }
		]
	},
	"music.overworld.lush_caves": {
		"replace": true,
		"sounds": [
		  {
		  	"name": "cactus",
		  	"stream": true
		  },
		  {
			"name": "tumbleweed",
			"stream": true
		},
		{
			"name": "town",
			"stream": true
		}
		]
	},
	"music.overworld.dripstone_caves": {
		"replace": true,
        "sounds": [
		  {
		  	"name": "mexican-standoff",
		  	"stream": true
		  }
		]
	},
    "music.overworld.jagged_peaks": {
		"replace": true,
        "sounds": [
		  {
		  	"name": "saloon-mountain",
		  	"stream": true
		  },
		  {
			"name": "saloon-buffalo",
			"stream": true
		}
		]
	},
	"music.overworld.desert": {
		"replace": true,
        "sounds": [
		  {
		  	"name": "desert",
		  	"stream": true
		  }
		]
	}
}